Voltage (V),Current (A),Timestamp (s)
-0.5,-7.737635e-10,2900.979
-0.4,-7.544265e-10,2901.089
-0.3,-7.574599e-10,2901.198
-0.2,-7.610826e-10,2901.313
-0.1,-7.371955e-10,2901.424
0.0,-7.413241e-10,2901.537
0.1,-7.379962e-10,2901.647
0.2,-7.309607e-10,2901.762
0.3,-7.456638e-10,2901.877
0.4,-7.185747e-10,2901.986
0.5,-7.034083e-10,2902.097
0.6,-7.004592e-10,2902.207
0.7,-6.959514e-10,2902.317
0.8,-7.233355e-10,2902.427
0.9,-6.528533e-10,2902.537
1.0,-5.889859e-10,2902.646
1.1,1.046642e-11,2902.756
1.2,4.167053e-09,2902.865
1.3,3.166132e-08,2902.976
1.4,2.15601e-07,2903.086
1.5,1.494831e-06,2903.428
1.6,1.138743e-05,2903.77
1.7,0.0001123542,2903.994
1.8,0.001000033,2904.104
1.9,0.001000032,2904.215
2.0,0.001000031,2904.327
2.1,0.001000037,2904.441
2.2,0.001000038,2904.555
2.3,0.001000038,2904.665
2.4,0.001000037,2904.778
2.5,0.001000037,2904.889
2.6,0.001000037,2905.002
2.7,0.001000037,2905.115
2.8,0.001000037,2905.229
2.9,0.001000037,2905.343
3.0,0.001000036,2905.453
